tenure_months,monthly_charges,total_charges,contract,internet_service,tech_support,num_support_tickets,senior_citizen,churn
6,93.67,581.34,month-to-month,Fiber optic,Yes,9,1,No
56,108.64,6644.27,one-year,Fiber optic,No,1,0,No
47,112.11,5133.13,two-year,DSL,No,6,0,No
32,70.36,2217.78,two-year,Fiber optic,No,5,0,No
31,72.03,2372.32,month-to-month,Fiber optic,Yes,6,1,No
62,99.99,6206.52,month-to-month,Fiber optic,Yes,1,1,Yes
6,51.45,323.31,two-year,Fiber optic,No,5,1,No
50,103.74,5145.2,two-year,No,Yes,6,0,Yes
14,69.41,916.45,month-to-month,Fiber optic,No,3,1,Yes
6,31.59,198.84,one-year,DSL,Yes,9,0,No
38,27.21,957.7,month-to-month,No,No,5,0,No
71,104.2,6952.21,month-to-month,Fiber optic,No,3,0,No
53,25.56,1389.04,month-to-month,No,No,0,1,No
55,48.06,2774.02,month-to-month,No,Yes,1,1,No
52,53.41,2996.55,month-to-month,No,Yes,5,1,No
57,37.3,2029.4,two-year,Fiber optic,Yes,4,1,No
37,51.39,1753.39,month-to-month,Fiber optic,No,9,0,No
9,94.27,925.81,month-to-month,DSL,Yes,8,1,Yes
61,21.47,1219.15,month-to-month,Fiber optic,No,1,0,No
32,102.72,3088.28,month-to-month,Fiber optic,Yes,6,1,Yes
36,105.65,3644.67,month-to-month,Fiber optic,Yes,4,0,No
27,57.23,1554.29,one-year,No,No,1,1,No
13,35.36,494.88,month-to-month,DSL,No,7,1,Yes
67,80.08,5644.94,one-year,Fiber optic,No,5,1,No
57,31.97,1898.15,two-year,Fiber optic,No,0,1,No
47,56.49,2482.55,month-to-month,Fiber optic,No,5,0,No
29,115.84,3263.74,two-year,DSL,No,8,0,Yes
60,119.55,7142.02,two-year,DSL,No,3,1,Yes
39,97.21,3523.85,two-year,No,Yes,3,1,No
32,51.1,1561.1,one-year,Fiber optic,No,1,0,Yes
32,88.77,2731.75,one-year,DSL,No,2,1,No
16,90.54,1340.65,one-year,DSL,Yes,10,0,No
6,58.78,356.22,one-year,Fiber optic,No,6,1,No
40,84.09,3501.53,month-to-month,DSL,No,1,0,Yes
64,21.07,1232.49,two-year,Fiber optic,No,5,0,No
4,40.91,163.02,one-year,Fiber optic,Yes,2,1,Yes
62,72.51,4749.36,one-year,DSL,No,4,1,No
60,36.38,2291.06,month-to-month,Fiber optic,No,1,1,No
20,36.59,777.91,month-to-month,DSL,Yes,6,1,No
46,103.63,4717.63,month-to-month,DSL,Yes,6,1,No
12,118.91,1518.4,month-to-month,No,Yes,6,0,No
55,75.6,3942.41,month-to-month,Fiber optic,Yes,4,1,No
51,103.91,5151.89,month-to-month,No,No,3,1,No
25,119.03,2783.13,month-to-month,DSL,No,2,1,Yes
4,34.16,135.75,month-to-month,DSL,Yes,2,1,Yes
70,64.82,4439.45,month-to-month,Fiber optic,Yes,4,0,No
32,59.26,1798.06,two-year,Fiber optic,No,4,1,Yes
65,28.0,1911.65,month-to-month,No,Yes,7,1,No
49,95.53,4506.69,month-to-month,DSL,No,0,0,No
56,63.38,3388.0,month-to-month,No,Yes,3,1,No
55,66.93,3409.4,month-to-month,No,Yes,9,0,No
14,35.07,484.97,month-to-month,Fiber optic,No,10,1,Yes
26,38.09,951.31,one-year,DSL,Yes,10,1,No
34,110.71,3665.72,two-year,Fiber optic,No,3,0,Yes
36,24.46,834.07,month-to-month,DSL,Yes,1,1,No
3,43.29,136.71,one-year,Fiber optic,No,2,0,Yes
39,49.21,2084.24,month-to-month,Fiber optic,No,1,1,No
11,69.02,758.91,month-to-month,No,No,10,1,Yes
54,78.64,4368.01,month-to-month,Fiber optic,Yes,9,0,No
49,69.33,3646.64,month-to-month,Fiber optic,No,8,0,Yes
67,28.41,2093.37,one-year,Fiber optic,No,8,0,No
54,44.37,2450.38,one-year,Fiber optic,Yes,3,0,No
26,104.36,2924.88,one-year,No,Yes,5,0,Yes
70,83.76,6342.35,month-to-month,DSL,No,9,0,No
29,84.91,2605.92,one-year,No,Yes,8,0,No
23,87.02,1985.82,month-to-month,No,No,5,0,No
66,96.29,5822.78,month-to-month,No,No,9,0,No
27,25.81,629.39,month-to-month,Fiber optic,Yes,3,0,No
5,56.66,282.01,one-year,No,No,4,1,No
34,73.95,2511.44,two-year,DSL,No,9,1,No
58,53.85,3065.43,month-to-month,Fiber optic,Yes,4,0,No
13,104.45,1376.36,one-year,DSL,No,8,1,Yes
33,68.26,2276.08,one-year,DSL,Yes,4,0,No
9,96.86,930.43,two-year,Fiber optic,Yes,3,1,No
50,105.2,4848.31,month-to-month,DSL,No,2,0,No
34,70.48,2264.61,one-year,Fiber optic,Yes,6,0,No
24,110.96,2819.1,one-year,No,No,5,1,No
16,78.71,1346.97,two-year,DSL,Yes,4,0,No
41,105.03,4732.4,month-to-month,Fiber optic,No,8,1,No
48,54.06,2788.41,two-year,DSL,Yes,0,0,No
68,69.88,5122.39,month-to-month,Fiber optic,No,1,0,No
31,73.14,2183.15,two-year,Fiber optic,No,10,0,No
11,30.5,328.9,month-to-month,Fiber optic,No,7,1,Yes
60,59.86,3425.01,month-to-month,Fiber optic,No,6,0,Yes
45,111.73,5134.74,month-to-month,No,No,0,1,No
51,83.08,4608.93,month-to-month,No,No,6,1,Yes
7,37.75,256.04,month-to-month,Fiber optic,No,4,1,Yes
22,53.89,1199.1,month-to-month,Fiber optic,No,6,1,No
56,39.16,2103.62,month-to-month,Fiber optic,No,0,1,No
60,22.48,1259.73,month-to-month,DSL,No,6,1,No
31,112.75,3282.17,one-year,No,Yes,6,0,No
58,64.82,3427.17,two-year,DSL,No,3,0,No
61,50.75,3373.93,one-year,No,No,0,1,No
28,79.85,2192.37,month-to-month,DSL,Yes,10,0,No
65,20.73,1437.49,month-to-month,DSL,Yes,7,1,No
21,47.8,1040.2,two-year,No,No,6,0,No
17,90.3,1440.51,month-to-month,No,No,8,0,Yes
49,83.38,3820.43,month-to-month,No,Yes,7,0,No
46,118.18,5775.49,two-year,No,Yes,1,0,No
10,82.04,781.79,two-year,Fiber optic,Yes,5,1,Yes
60,67.75,4401.0,month-to-month,DSL,No,9,1,Yes
14,96.14,1249.07,one-year,DSL,No,3,0,Yes
58,110.33,6626.58,month-to-month,Fiber optic,No,10,0,Yes
0,92.07,0.0,one-year,DSL,No,0,1,Yes
58,116.32,6389.34,month-to-month,No,No,3,0,No
57,98.2,5346.87,month-to-month,DSL,Yes,3,1,Yes
56,106.68,6529.09,one-year,DSL,No,6,1,No
48,31.41,1436.7,month-to-month,DSL,Yes,1,0,No
34,93.24,3125.75,one-year,DSL,Yes,2,0,No
51,64.01,3220.45,month-to-month,DSL,No,7,0,Yes
20,75.31,1431.8,two-year,Fiber optic,No,3,0,No
56,85.41,5046.78,two-year,DSL,Yes,9,0,No
40,116.98,4933.61,month-to-month,Fiber optic,No,9,1,Yes
33,118.46,3814.04,one-year,No,No,3,0,Yes
36,48.82,1875.32,month-to-month,Fiber optic,Yes,6,1,No
41,93.38,3608.88,month-to-month,Fiber optic,Yes,3,1,Yes
2,95.0,171.16,month-to-month,Fiber optic,Yes,3,0,Yes
10,54.65,554.28,two-year,DSL,No,7,1,No
17,32.39,605.04,two-year,DSL,No,3,0,No
8,24.09,174.94,two-year,No,No,1,1,No
32,97.73,2944.72,two-year,Fiber optic,Yes,2,1,No
48,68.97,3323.08,two-year,DSL,No,10,1,No
47,118.55,5917.24,month-to-month,Fiber optic,No,2,1,Yes
34,66.5,2075.16,two-year,No,No,4,0,No
62,117.79,7149.96,one-year,Fiber optic,Yes,6,0,Yes
41,61.16,2631.47,month-to-month,Fiber optic,No,1,0,No
5,99.37,484.09,one-year,No,No,2,1,No
55,28.48,1468.92,month-to-month,Fiber optic,Yes,1,0,No
41,75.55,2908.91,month-to-month,Fiber optic,Yes,10,1,Yes
46,100.21,4526.73,month-to-month,DSL,Yes,10,0,No
41,112.47,4592.29,month-to-month,DSL,Yes,8,1,No
40,102.26,4386.39,month-to-month,No,No,2,1,Yes
6,23.7,146.25,two-year,Fiber optic,Yes,6,0,No
40,57.27,2378.03,one-year,Fiber optic,Yes,7,0,No
58,24.87,1581.8,month-to-month,Fiber optic,No,9,1,No
22,30.93,668.46,month-to-month,DSL,Yes,1,0,No
44,87.53,3776.88,month-to-month,No,Yes,8,0,Yes
2,91.33,198.13,month-to-month,DSL,No,2,0,No
25,97.37,2310.53,two-year,No,Yes,6,1,No
31,106.55,3454.87,month-to-month,Fiber optic,Yes,9,0,Yes
71,93.94,7009.33,one-year,DSL,Yes,0,0,No
15,100.09,1380.58,one-year,DSL,Yes,1,1,No
20,24.9,494.84,one-year,No,No,8,0,Yes
29,43.45,1184.59,two-year,DSL,Yes,0,0,No
72,82.19,5545.31,month-to-month,DSL,Yes,7,0,No
62,105.81,6512.76,two-year,Fiber optic,No,5,0,No
2,20.45,39.18,one-year,Fiber optic,No,3,0,Yes
17,71.46,1286.75,one-year,Fiber optic,Yes,9,0,Yes
59,87.73,5598.03,one-year,DSL,Yes,9,0,No
4,22.96,97.4,two-year,No,No,3,1,Yes
62,60.14,3554.2,two-year,DSL,No,0,0,No
20,109.56,2092.22,month-to-month,DSL,No,1,1,No
66,87.16,5470.37,two-year,DSL,Yes,1,1,No
21,43.77,852.08,one-year,DSL,Yes,10,1,No
31,105.28,3553.36,month-to-month,DSL,No,6,1,Yes
48,54.8,2578.87,two-year,DSL,No,7,0,No
9,105.33,895.77,month-to-month,DSL,No,2,1,Yes
40,49.89,2133.96,one-year,Fiber optic,Yes,9,0,No
36,79.03,2787.72,month-to-month,No,No,7,0,No
57,59.69,3085.99,month-to-month,DSL,Yes,8,1,No
72,47.48,3187.43,two-year,DSL,No,5,0,No
48,108.66,5360.94,month-to-month,No,No,7,0,No
29,38.76,1187.64,month-to-month,No,No,5,0,Yes
29,28.48,778.17,month-to-month,Fiber optic,Yes,4,0,No
30,54.19,1761.41,month-to-month,DSL,No,6,0,Yes
59,91.76,5793.89,two-year,Fiber optic,No,3,1,No
23,100.74,2478.46,two-year,DSL,No,10,1,No
12,119.87,1360.09,month-to-month,DSL,Yes,7,0,Yes
24,49.64,1084.27,one-year,Fiber optic,No,8,1,Yes
1,60.79,65.26,month-to-month,Fiber optic,Yes,7,0,No
7,33.68,226.6,one-year,Fiber optic,Yes,4,1,No
6,77.49,476.0,month-to-month,Fiber optic,Yes,10,1,Yes
56,119.76,7055.26,month-to-month,DSL,Yes,2,1,No
52,90.09,4336.41,month-to-month,DSL,Yes,6,0,No
50,79.52,4199.32,one-year,Fiber optic,No,0,0,No
33,59.24,2126.37,month-to-month,No,Yes,3,0,Yes
52,111.53,6064.45,month-to-month,DSL,Yes,6,1,No
11,69.69,757.58,two-year,Fiber optic,Yes,5,0,No
65,33.44,2337.35,one-year,DSL,Yes,10,0,No
36,56.54,2046.62,month-to-month,DSL,No,6,1,Yes
68,26.72,1905.91,two-year,Fiber optic,No,4,1,No
11,40.2,470.55,two-year,DSL,Yes,4,0,No
36,21.77,822.8,month-to-month,Fiber optic,No,6,0,No
50,65.33,3127.91,one-year,Fiber optic,No,8,0,No
36,83.45,2774.59,month-to-month,DSL,No,3,0,Yes
32,54.33,1647.58,one-year,DSL,Yes,6,1,No
12,62.04,744.91,month-to-month,DSL,Yes,6,0,No
27,115.92,3133.14,one-year,No,No,0,1,No
17,95.2,1645.15,month-to-month,Fiber optic,No,10,0,Yes
22,74.09,1595.78,month-to-month,Fiber optic,No,6,1,Yes
49,48.45,2510.27,two-year,DSL,No,2,1,No
46,109.7,5463.17,month-to-month,Fiber optic,Yes,6,0,Yes
44,43.51,1817.46,two-year,DSL,No,7,0,No
26,52.53,1430.39,two-year,Fiber optic,No,10,0,No
70,110.91,8040.04,two-year,Fiber optic,Yes,0,0,No
6,72.95,439.72,month-to-month,Fiber optic,No,4,1,Yes
25,94.23,2209.0,two-year,DSL,No,1,0,No
8,79.07,669.91,month-to-month,DSL,No,6,1,Yes
24,85.34,2236.85,month-to-month,DSL,No,5,0,No
70,49.94,3650.9,two-year,Fiber optic,No,5,0,No
26,44.14,1243.55,one-year,No,No,10,1,Yes
66,52.25,3782.44,month-to-month,DSL,No,5,1,No
36,35.54,1241.58,month-to-month,Fiber optic,Yes,4,1,No
51,107.43,5630.39,two-year,Fiber optic,Yes,0,0,No
33,48.32,1586.25,one-year,DSL,Yes,3,1,No
19,76.15,1587.67,month-to-month,DSL,Yes,9,1,Yes
55,99.2,5012.76,two-year,DSL,Yes,4,0,No
70,98.38,6765.91,month-to-month,Fiber optic,No,10,1,No
19,63.84,1304.06,month-to-month,Fiber optic,Yes,5,1,Yes
56,67.63,3623.71,one-year,Fiber optic,Yes,6,0,No
19,119.47,2400.58,two-year,No,No,4,1,Yes
52,87.46,4441.3,month-to-month,Fiber optic,Yes,6,1,No
57,101.46,6338.38,month-to-month,No,No,0,0,No
32,110.26,3798.96,month-to-month,Fiber optic,No,0,1,No
53,98.76,5026.29,two-year,No,No,5,0,No
19,38.52,771.43,month-to-month,No,Yes,6,0,No
5,76.22,368.67,month-to-month,Fiber optic,Yes,6,0,Yes
7,30.19,215.83,two-year,No,No,4,0,No
32,85.29,2815.79,month-to-month,No,No,3,1,No
65,115.53,8004.47,one-year,Fiber optic,Yes,7,1,No
9,71.27,580.42,month-to-month,Fiber optic,No,6,1,Yes
33,63.3,1971.99,two-year,Fiber optic,No,0,0,No
51,23.58,1253.55,month-to-month,No,Yes,4,1,No
14,115.98,1644.35,month-to-month,Fiber optic,No,7,0,Yes
52,30.3,1574.22,month-to-month,No,Yes,8,0,No
22,24.11,483.23,one-year,Fiber optic,Yes,3,0,No
59,44.61,2552.12,one-year,No,No,10,0,Yes
42,26.55,1196.52,month-to-month,DSL,Yes,7,1,No
39,65.51,2315.19,month-to-month,Fiber optic,No,4,1,No
12,71.61,841.52,two-year,Fiber optic,No,6,0,No
33,51.26,1842.18,month-to-month,No,Yes,9,0,No
62,25.1,1416.42,month-to-month,No,No,2,1,No
1,31.16,32.72,one-year,Fiber optic,Yes,1,0,No
55,58.45,3058.91,month-to-month,Fiber optic,Yes,4,0,No
35,26.05,978.6,month-to-month,DSL,No,0,1,Yes
52,89.82,4900.5,month-to-month,No,No,9,0,No
48,40.7,2104.3,month-to-month,DSL,No,10,1,Yes
31,50.21,1468.08,month-to-month,Fiber optic,Yes,6,1,No
22,59.41,1315.2,one-year,Fiber optic,Yes,10,0,No
45,61.66,2929.68,one-year,Fiber optic,No,0,0,No
10,20.17,191.44,month-to-month,DSL,Yes,6,0,No
42,31.21,1240.23,two-year,DSL,Yes,4,0,No
6,106.28,577.38,month-to-month,No,No,3,1,Yes
47,20.12,1032.36,one-year,Fiber optic,Yes,3,0,Yes
45,70.82,3320.76,month-to-month,DSL,Yes,5,0,Yes
6,68.95,424.92,one-year,Fiber optic,Yes,7,1,Yes
55,53.31,3075.13,month-to-month,DSL,No,1,0,No
30,63.13,1905.87,month-to-month,No,No,6,0,No
57,98.06,5562.74,month-to-month,DSL,No,10,1,Yes
3,104.12,309.21,month-to-month,DSL,Yes,0,0,No
13,46.03,615.2,month-to-month,DSL,Yes,9,0,Yes
36,52.25,1768.72,one-year,Fiber optic,No,6,0,No
13,44.25,619.9,two-year,Fiber optic,Yes,3,1,No
24,67.99,1733.5,month-to-month,Fiber optic,No,8,0,No
48,88.33,4112.27,two-year,Fiber optic,No,6,1,No
10,42.83,435.03,one-year,DSL,No,8,0,Yes
49,53.07,2413.73,two-year,DSL,No,0,1,No
7,113.04,866.03,one-year,DSL,No,0,1,No
12,24.86,322.36,one-year,No,Yes,7,0,No
42,66.08,3009.54,month-to-month,DSL,No,3,0,No
57,91.16,5021.7,one-year,No,No,2,0,No
12,35.05,392.77,two-year,DSL,No,4,0,No
21,24.74,489.59,month-to-month,DSL,No,7,0,No
67,33.82,2080.13,month-to-month,DSL,No,1,1,No
72,111.88,7443.33,month-to-month,DSL,No,10,0,No
42,20.93,803.69,two-year,Fiber optic,Yes,4,1,No
32,38.83,1364.29,month-to-month,Fiber optic,No,1,0,No
25,23.13,528.99,one-year,DSL,No,0,0,No
44,31.06,1266.2,two-year,Fiber optic,Yes,9,0,No
43,82.01,3757.24,two-year,Fiber optic,No,1,0,No
21,44.16,942.24,month-to-month,No,No,4,1,Yes
1,76.92,81.14,one-year,No,Yes,7,0,No
11,79.02,891.98,two-year,Fiber optic,Yes,5,0,No
69,104.94,7794.32,month-to-month,No,No,2,1,No
30,20.47,631.11,one-year,Fiber optic,Yes,1,1,No
35,105.34,3703.21,month-to-month,Fiber optic,Yes,7,0,Yes
34,81.91,2903.44,one-year,Fiber optic,No,5,1,No
57,36.27,2045.64,month-to-month,DSL,Yes,0,0,No
4,97.29,377.18,month-to-month,Fiber optic,Yes,1,0,Yes
6,105.55,629.2,month-to-month,No,No,6,0,Yes
20,45.43,848.58,month-to-month,DSL,Yes,1,1,No
35,111.88,4148.06,month-to-month,No,No,4,0,Yes
48,65.45,2991.25,one-year,No,No,1,1,No
35,80.34,2617.05,month-to-month,DSL,No,8,0,Yes
32,118.46,3598.42,month-to-month,Fiber optic,No,6,1,Yes
68,56.15,4079.42,one-year,No,No,8,0,No
11,101.32,1076.67,one-year,No,Yes,0,0,No
41,51.84,2204.53,month-to-month,DSL,No,4,1,No
39,99.92,4174.66,two-year,DSL,Yes,2,0,No
34,80.07,2492.47,month-to-month,Fiber optic,No,6,1,No
58,41.64,2543.13,two-year,DSL,No,9,1,No
19,61.4,1121.72,month-to-month,DSL,Yes,2,1,Yes
69,51.76,3369.03,one-year,DSL,Yes,8,0,No
24,27.81,692.66,two-year,DSL,No,6,1,No
39,22.98,969.67,two-year,Fiber optic,Yes,9,1,No
38,54.65,1991.56,one-year,Fiber optic,Yes,0,0,No
62,21.9,1376.49,one-year,Fiber optic,Yes,10,1,No
32,36.55,1120.44,month-to-month,Fiber optic,No,4,1,Yes
20,92.52,1870.49,one-year,Fiber optic,No,3,1,No
1,90.81,93.02,one-year,DSL,No,2,1,Yes
26,93.86,2494.21,two-year,DSL,No,10,1,Yes
60,51.72,3179.88,month-to-month,DSL,Yes,9,1,No
0,109.0,0.0,month-to-month,DSL,Yes,1,0,Yes
65,79.38,5359.42,one-year,DSL,No,4,1,No
39,32.6,1315.84,month-to-month,DSL,No,8,0,No
10,34.37,356.25,month-to-month,DSL,No,6,0,No
22,89.31,1797.45,month-to-month,Fiber optic,No,2,1,Yes
40,37.29,1475.74,one-year,Fiber optic,No,3,0,No
23,70.73,1597.19,month-to-month,No,No,4,1,Yes
7,119.18,765.3,month-to-month,Fiber optic,No,3,0,Yes
48,20.4,924.83,month-to-month,Fiber optic,No,10,0,Yes
49,21.66,1048.81,two-year,DSL,No,2,0,No
8,119.31,1000.85,one-year,Fiber optic,No,7,1,Yes
20,78.46,1486.68,month-to-month,DSL,No,10,0,Yes
17,32.69,592.38,month-to-month,Fiber optic,No,8,1,Yes
48,109.73,5315.28,one-year,Fiber optic,Yes,8,0,No
53,108.04,6024.36,month-to-month,Fiber optic,Yes,1,0,No
53,73.62,3880.44,one-year,DSL,No,1,0,No
68,82.18,5587.34,month-to-month,Fiber optic,No,8,0,Yes
56,47.32,2713.37,two-year,No,No,8,1,No
23,25.05,625.47,month-to-month,Fiber optic,No,8,0,Yes
7,79.46,555.31,one-year,Fiber optic,Yes,4,1,No
44,49.48,2189.6,month-to-month,Fiber optic,No,5,0,No
66,86.36,5816.03,two-year,DSL,No,0,1,No
71,103.62,7706.5,two-year,Fiber optic,No,3,1,No
16,21.82,319.22,one-year,Fiber optic,No,5,0,No
17,79.57,1356.93,month-to-month,DSL,Yes,1,0,Yes
2,43.13,85.94,month-to-month,DSL,No,1,1,No
10,107.39,1164.47,two-year,No,No,0,0,No
40,45.37,1812.44,one-year,Fiber optic,No,2,1,No
39,81.08,3142.09,month-to-month,Fiber optic,No,10,1,Yes
27,75.35,2222.51,month-to-month,Fiber optic,Yes,7,1,Yes
22,59.62,1298.67,month-to-month,Fiber optic,No,10,1,Yes
60,87.76,4929.53,two-year,Fiber optic,No,2,1,No
33,92.58,2882.17,one-year,DSL,Yes,6,1,No
59,76.69,4158.38,one-year,Fiber optic,No,9,0,No
70,95.84,6038.68,one-year,Fiber optic,Yes,3,1,No
23,118.34,2684.77,month-to-month,DSL,Yes,7,0,No
14,61.93,913.71,month-to-month,Fiber optic,Yes,7,0,No
69,71.46,5160.97,month-to-month,DSL,Yes,9,1,No
46,21.25,886.04,one-year,Fiber optic,No,10,1,No
21,99.6,2120.88,month-to-month,Fiber optic,No,6,1,No
45,72.02,3016.81,month-to-month,Fiber optic,Yes,6,0,No
37,60.8,2448.05,month-to-month,Fiber optic,No,9,0,Yes
66,29.41,1811.93,month-to-month,No,Yes,7,1,No
18,108.97,2011.14,one-year,Fiber optic,Yes,3,0,Yes
72,59.5,4135.12,month-to-month,Fiber optic,Yes,6,1,No
68,88.26,6171.6,month-to-month,Fiber optic,No,6,0,No
13,34.94,446.25,one-year,DSL,Yes,2,1,No
12,116.15,1466.18,month-to-month,DSL,No,5,0,No
38,37.84,1360.47,month-to-month,Fiber optic,Yes,6,0,No
3,39.95,129.58,month-to-month,DSL,No,9,1,Yes
21,105.9,2223.99,two-year,Fiber optic,No,6,1,No
31,111.26,3625.72,month-to-month,Fiber optic,Yes,1,1,Yes
70,41.21,3086.47,one-year,Fiber optic,Yes,10,1,No
72,66.98,5303.69,two-year,DSL,No,6,0,No
11,93.35,970.16,one-year,No,No,3,1,Yes
65,107.84,6710.84,month-to-month,Fiber optic,No,8,0,Yes
6,57.91,330.12,one-year,Fiber optic,Yes,4,1,Yes
54,71.7,3688.18,month-to-month,DSL,Yes,4,0,No
61,94.17,5839.09,month-to-month,Fiber optic,No,9,0,Yes
65,93.11,6649.52,month-to-month,DSL,No,9,0,No
16,98.3,1727.02,month-to-month,Fiber optic,Yes,5,1,Yes
65,76.99,5031.15,month-to-month,DSL,No,4,1,No
8,30.46,250.46,month-to-month,No,No,9,0,Yes
37,110.4,4378.88,month-to-month,DSL,Yes,1,1,No
34,106.56,3936.75,month-to-month,Fiber optic,Yes,8,1,Yes
23,99.81,2159.66,one-year,DSL,Yes,6,1,Yes
1,29.99,30.16,two-year,Fiber optic,No,9,1,Yes
56,40.44,2415.39,month-to-month,Fiber optic,No,4,0,No
24,94.36,2175.5,one-year,Fiber optic,No,9,0,No
48,22.31,1057.99,month-to-month,DSL,Yes,0,1,No
29,117.92,3751.81,month-to-month,DSL,No,8,0,Yes
27,57.71,1709.33,month-to-month,DSL,No,0,1,No
64,91.93,6361.39,month-to-month,No,No,7,0,No
6,108.76,691.51,month-to-month,Fiber optic,No,2,0,Yes
53,59.46,3005.87,month-to-month,DSL,Yes,10,1,Yes
54,51.91,2702.7,month-to-month,No,No,8,1,No
27,80.87,2204.14,month-to-month,DSL,Yes,1,1,No
19,78.1,1501.94,month-to-month,Fiber optic,Yes,9,1,Yes
0,60.91,0.0,month-to-month,Fiber optic,Yes,2,0,Yes
68,80.18,5601.27,month-to-month,No,No,6,1,No
69,113.54,7690.62,month-to-month,Fiber optic,No,0,0,No
17,66.76,1191.48,month-to-month,Fiber optic,Yes,1,0,No
2,39.67,76.7,month-to-month,No,No,2,1,No
8,57.72,446.12,month-to-month,DSL,No,5,0,No
4,59.41,219.92,month-to-month,No,Yes,5,1,Yes
60,33.11,1862.92,two-year,No,No,9,0,No
65,36.29,2524.22,month-to-month,No,Yes,1,1,No
11,88.46,962.61,month-to-month,DSL,No,8,0,Yes
54,53.95,2754.74,month-to-month,DSL,Yes,0,0,No
13,115.49,1579.24,two-year,Fiber optic,Yes,3,0,No
26,44.36,1165.81,one-year,Fiber optic,No,1,0,Yes
43,29.89,1162.18,one-year,Fiber optic,Yes,1,1,No
52,95.35,4776.1,two-year,No,No,6,1,No
63,108.1,6370.36,month-to-month,Fiber optic,No,9,0,Yes
3,47.81,147.9,two-year,DSL,Yes,7,1,No
14,40.21,537.61,month-to-month,Fiber optic,No,9,0,Yes
20,38.58,704.46,one-year,DSL,No,6,1,No
22,72.2,1447.01,month-to-month,DSL,No,0,1,No
72,66.84,4891.14,month-to-month,DSL,No,3,0,No
56,45.94,2326.55,two-year,No,Yes,9,1,No
23,24.52,603.3,month-to-month,Fiber optic,Yes,0,0,No
70,68.15,4441.71,two-year,Fiber optic,No,1,0,No
36,115.93,4262.43,month-to-month,Fiber optic,No,9,0,Yes
36,85.25,3035.05,one-year,Fiber optic,No,0,1,No
31,69.55,2131.41,two-year,No,No,10,0,No
10,31.07,284.09,month-to-month,No,Yes,8,0,No
68,45.24,3262.59,two-year,Fiber optic,No,7,0,No
1,49.48,53.37,one-year,No,Yes,5,0,No
12,96.48,1044.53,one-year,Fiber optic,Yes,0,1,No
16,107.67,1611.98,month-to-month,Fiber optic,No,4,1,Yes
20,110.16,2381.18,month-to-month,No,Yes,8,0,No
9,118.46,1076.69,one-year,Fiber optic,No,9,0,Yes
1,118.24,109.96,month-to-month,Fiber optic,Yes,4,0,Yes
49,115.3,5313.87,month-to-month,DSL,No,9,0,No
70,27.18,1963.48,month-to-month,Fiber optic,No,8,1,No
8,33.78,282.39,two-year,Fiber optic,No,0,0,No
21,50.45,1080.52,month-to-month,Fiber optic,No,6,0,Yes
36,75.29,2956.09,one-year,Fiber optic,No,6,1,No
67,29.7,1987.54,two-year,DSL,Yes,5,1,No
50,104.58,5020.12,month-to-month,No,Yes,8,0,No
55,81.68,4471.94,month-to-month,DSL,Yes,9,0,No
42,74.24,3030.57,one-year,No,No,6,1,No
30,36.53,1035.5,month-to-month,DSL,No,3,0,No
14,45.33,576.99,one-year,Fiber optic,Yes,10,0,Yes
63,36.03,2202.8,one-year,Fiber optic,Yes,10,1,No
58,105.19,6358.98,one-year,No,No,7,1,No
1,78.42,70.87,month-to-month,DSL,No,7,1,Yes
52,93.51,4803.37,one-year,No,Yes,1,0,No
6,49.6,306.17,one-year,Fiber optic,No,4,0,Yes
53,57.13,3094.75,month-to-month,Fiber optic,No,2,0,No
60,60.49,3830.21,one-year,Fiber optic,No,5,1,No
9,96.0,917.66,two-year,DSL,Yes,9,1,No
31,97.24,3142.07,one-year,Fiber optic,No,2,0,No
9,40.68,337.04,month-to-month,DSL,Yes,10,1,Yes
41,114.15,4656.77,month-to-month,DSL,Yes,1,0,No
67,32.07,2193.13,month-to-month,Fiber optic,No,1,0,No
5,109.61,520.16,month-to-month,Fiber optic,No,10,1,Yes
29,30.04,791.46,month-to-month,DSL,Yes,1,0,No
71,46.45,3115.63,two-year,DSL,No,8,0,No
21,104.65,2177.82,month-to-month,DSL,Yes,8,0,Yes
9,37.95,335.67,two-year,DSL,No,3,1,No
35,61.36,2008.72,month-to-month,Fiber optic,No,0,0,No
37,64.99,2560.65,month-to-month,DSL,No,3,0,No
48,44.53,2319.42,month-to-month,No,No,0,1,No
22,91.02,1882.83,month-to-month,DSL,No,7,0,No
69,105.13,7877.19,one-year,DSL,No,9,0,No
38,107.46,3689.72,two-year,No,No,10,1,No
20,53.93,1170.27,two-year,DSL,No,8,1,No
70,73.09,5578.74,month-to-month,Fiber optic,Yes,8,1,No
67,44.84,2711.09,one-year,No,No,9,0,No
36,44.48,1685.51,month-to-month,No,Yes,8,1,Yes
1,36.13,39.53,two-year,Fiber optic,No,7,0,No
43,114.0,5299.95,month-to-month,DSL,Yes,10,0,No
40,108.8,4761.71,month-to-month,Fiber optic,Yes,3,0,No
10,97.74,987.24,month-to-month,No,No,4,0,Yes
46,71.77,3022.88,month-to-month,No,Yes,9,0,No
61,69.06,4507.37,month-to-month,DSL,Yes,3,0,No
7,72.97,522.42,two-year,Fiber optic,No,3,0,No
52,73.66,3918.22,one-year,DSL,Yes,1,0,No
10,63.46,624.1,two-year,DSL,Yes,3,1,Yes
54,33.18,1817.46,month-to-month,Fiber optic,No,6,1,No
30,32.57,909.4,one-year,DSL,Yes,9,0,No
0,115.22,0.0,month-to-month,DSL,Yes,1,1,Yes
70,68.2,4368.23,month-to-month,DSL,Yes,7,1,No
12,115.32,1447.44,month-to-month,Fiber optic,Yes,8,1,Yes
43,36.36,1672.6,month-to-month,DSL,Yes,9,0,Yes
13,75.44,975.32,one-year,Fiber optic,Yes,8,0,No
68,40.77,2777.81,month-to-month,DSL,No,1,0,No
53,45.32,2311.75,month-to-month,No,No,5,0,No
58,23.01,1459.89,one-year,DSL,Yes,10,0,No
31,31.9,1035.01,month-to-month,Fiber optic,Yes,9,1,Yes
34,111.68,3697.63,two-year,DSL,No,6,0,No
46,52.15,2242.88,month-to-month,DSL,No,10,1,No
57,80.81,4347.84,two-year,DSL,No,7,1,Yes
61,66.5,4027.23,one-year,DSL,No,0,0,No
1,60.05,65.37,one-year,DSL,Yes,10,1,Yes
48,73.19,3677.64,one-year,Fiber optic,No,1,0,No
7,38.72,255.6,two-year,Fiber optic,No,4,1,No
21,118.86,2675.56,one-year,DSL,No,2,1,No
60,101.83,5960.97,month-to-month,Fiber optic,Yes,7,1,No
18,94.16,1814.11,month-to-month,Fiber optic,Yes,0,0,Yes
58,66.88,3678.65,one-year,DSL,Yes,7,0,No
33,35.29,1192.21,month-to-month,Fiber optic,Yes,9,0,Yes
16,112.07,1946.13,month-to-month,DSL,Yes,8,0,Yes
24,54.14,1236.44,month-to-month,DSL,No,3,0,No
38,25.01,987.05,month-to-month,Fiber optic,Yes,9,1,Yes
55,54.24,3273.95,month-to-month,No,No,3,0,Yes
44,99.45,4070.02,one-year,No,Yes,7,0,Yes
68,82.27,5133.83,one-year,No,Yes,5,1,No
63,95.08,6198.73,two-year,Fiber optic,No,0,0,No
54,99.36,5193.46,month-to-month,DSL,No,0,0,No
44,41.2,1657.35,month-to-month,DSL,Yes,2,1,No
21,112.38,2348.32,one-year,DSL,No,10,1,No
30,63.8,2011.14,month-to-month,DSL,Yes,10,1,No
8,83.9,642.35,one-year,DSL,Yes,4,0,No
27,20.23,528.19,month-to-month,Fiber optic,No,10,1,Yes
67,119.34,8548.61,two-year,DSL,Yes,0,0,No
31,48.09,1496.77,month-to-month,DSL,No,10,0,No
8,26.21,224.05,two-year,Fiber optic,Yes,2,0,No
47,65.83,3060.84,one-year,Fiber optic,No,0,1,No
70,32.9,2511.64,month-to-month,No,No,8,0,No
63,35.23,2286.43,one-year,DSL,Yes,4,0,No
20,83.23,1536.73,month-to-month,Fiber optic,Yes,3,0,No
33,59.29,2107.26,one-year,DSL,No,8,0,No
38,112.19,4254.07,one-year,Fiber optic,No,3,0,No
18,51.92,867.58,month-to-month,DSL,No,8,0,Yes
19,92.62,1637.54,month-to-month,DSL,No,2,0,Yes
17,66.11,1166.02,one-year,Fiber optic,No,0,1,No
72,86.0,5631.47,month-to-month,DSL,Yes,3,1,No
54,79.97,4134.07,two-year,DSL,No,6,1,No
61,67.28,3808.41,one-year,No,Yes,2,1,Yes
59,115.01,6705.63,one-year,DSL,No,1,1,No
70,54.27,3733.83,month-to-month,Fiber optic,Yes,8,1,No
7,37.72,265.2,one-year,Fiber optic,Yes,5,0,No
64,87.81,5372.16,two-year,DSL,No,4,1,No
4,104.6,379.24,month-to-month,Fiber optic,No,2,0,Yes
34,24.03,835.71,month-to-month,DSL,No,0,1,Yes
43,64.96,2722.73,month-to-month,Fiber optic,No,0,0,No
26,109.25,2926.47,month-to-month,DSL,No,7,0,No
10,94.96,875.28,one-year,DSL,No,0,1,No
14,119.18,1506.27,month-to-month,DSL,No,2,0,Yes
60,73.14,4167.48,one-year,No,No,10,0,No
23,86.0,1960.81,month-to-month,Fiber optic,No,3,1,Yes
22,50.25,1082.08,month-to-month,No,No,8,0,Yes
67,114.75,8165.39,month-to-month,Fiber optic,No,3,0,No
10,56.63,552.46,two-year,Fiber optic,Yes,10,1,Yes
66,93.85,6231.81,one-year,Fiber optic,No,9,1,No
67,60.31,4116.35,month-to-month,No,Yes,5,0,No
43,76.18,2962.47,one-year,Fiber optic,Yes,7,0,Yes
12,91.98,1107.1,month-to-month,Fiber optic,No,4,1,Yes
11,70.89,755.59,month-to-month,Fiber optic,Yes,10,0,Yes
20,110.71,2179.34,month-to-month,Fiber optic,No,3,0,Yes
42,61.93,2393.12,two-year,DSL,No,9,0,Yes
11,84.71,984.52,one-year,Fiber optic,Yes,6,1,No
33,54.24,1948.29,one-year,DSL,No,7,0,Yes
8,60.82,440.07,month-to-month,No,Yes,3,0,No
39,64.01,2547.0,month-to-month,Fiber optic,No,9,0,No
1,32.58,34.3,one-year,No,No,8,0,No
51,29.17,1423.64,month-to-month,Fiber optic,Yes,8,1,No
4,86.75,366.96,two-year,Fiber optic,Yes,8,0,Yes
14,85.55,1229.4,one-year,DSL,Yes,1,0,Yes
12,86.29,1124.36,month-to-month,No,Yes,9,0,Yes
60,21.98,1445.67,one-year,Fiber optic,Yes,9,1,No
3,52.65,143.49,two-year,DSL,No,2,1,No
31,39.78,1219.6,month-to-month,DSL,Yes,10,1,Yes
43,97.82,4245.79,one-year,DSL,No,5,0,No
37,106.06,3646.97,two-year,Fiber optic,Yes,3,0,No
49,44.67,2117.16,month-to-month,Fiber optic,No,2,0,No
58,86.78,5524.13,two-year,No,Yes,4,0,No
28,32.94,833.08,month-to-month,Fiber optic,No,0,1,Yes
60,47.52,2824.12,one-year,Fiber optic,No,7,1,No
23,33.87,832.4,one-year,Fiber optic,Yes,7,0,No
71,48.35,3311.95,one-year,No,No,7,1,No
36,87.47,3136.2,month-to-month,No,Yes,6,1,No
53,111.03,6447.21,one-year,DSL,No,3,0,No
63,40.25,2523.01,month-to-month,No,No,7,1,Yes
57,74.21,3917.73,month-to-month,Fiber optic,No,9,0,No
62,90.14,5087.62,month-to-month,No,Yes,0,0,No
39,115.29,4896.86,one-year,No,Yes,4,0,No
3,81.01,231.65,month-to-month,Fiber optic,Yes,10,1,Yes
35,45.51,1594.14,month-to-month,DSL,Yes,9,1,Yes
13,82.55,985.3,two-year,Fiber optic,Yes,10,0,Yes
64,52.05,3280.34,month-to-month,DSL,No,2,1,No
17,117.61,2171.36,month-to-month,Fiber optic,No,5,0,No
16,59.97,959.98,month-to-month,DSL,No,1,0,No
18,88.54,1743.89,month-to-month,Fiber optic,Yes,9,0,No
46,22.32,977.2,one-year,No,Yes,5,1,No
41,60.01,2462.65,month-to-month,DSL,No,2,1,No
69,107.51,7951.6,month-to-month,Fiber optic,Yes,0,0,No
30,81.02,2405.44,two-year,Fiber optic,Yes,8,1,Yes
20,64.39,1231.0,two-year,Fiber optic,No,8,1,Yes
3,113.59,365.0,one-year,DSL,No,9,1,Yes
0,105.4,0.0,two-year,DSL,No,10,0,No
27,52.22,1418.6,two-year,Fiber optic,Yes,8,1,No
67,74.45,5463.55,month-to-month,Fiber optic,No,8,0,Yes
38,68.98,2456.88,one-year,Fiber optic,Yes,8,0,No
65,83.22,5194.44,one-year,DSL,Yes,10,0,No
7,53.41,338.81,month-to-month,Fiber optic,No,5,1,No
6,44.42,260.75,month-to-month,Fiber optic,Yes,8,1,Yes
60,111.27,6275.87,month-to-month,DSL,No,9,1,No
7,112.39,815.06,one-year,Fiber optic,No,1,1,No
3,104.33,293.04,one-year,DSL,Yes,7,1,Yes
29,117.82,3536.24,one-year,Fiber optic,No,3,1,No
67,94.5,6031.99,month-to-month,No,No,1,1,No
50,96.47,4683.83,month-to-month,Fiber optic,No,1,1,No
7,96.26,653.45,month-to-month,Fiber optic,No,1,1,Yes
61,68.06,4331.64,month-to-month,DSL,No,9,1,Yes
61,65.65,3977.83,two-year,DSL,Yes,8,0,No
58,44.02,2482.33,two-year,DSL,No,1,0,No
65,84.48,5878.46,two-year,Fiber optic,No,6,1,No
17,48.93,843.78,two-year,No,Yes,7,0,No
71,45.78,3064.35,two-year,DSL,Yes,5,1,No
23,78.6,1952.46,month-to-month,DSL,No,6,1,No
58,61.0,3426.66,month-to-month,DSL,No,9,1,Yes
42,41.89,1597.16,month-to-month,Fiber optic,No,5,1,No
56,101.61,5684.01,month-to-month,Fiber optic,No,7,0,Yes
45,106.06,4413.73,month-to-month,Fiber optic,No,6,0,Yes
46,36.77,1602.95,month-to-month,No,No,4,1,Yes
44,20.75,958.12,two-year,DSL,No,9,1,No
56,53.61,2780.45,month-to-month,Fiber optic,Yes,4,0,No
53,99.75,5611.3,two-year,Fiber optic,Yes,8,1,No
9,103.92,1017.01,one-year,DSL,No,6,0,Yes
60,33.83,2073.05,one-year,No,No,7,1,No
39,97.43,3959.63,one-year,DSL,No,8,1,Yes
23,31.57,757.13,month-to-month,Fiber optic,Yes,8,1,No
37,59.01,2398.57,one-year,Fiber optic,Yes,6,0,No
70,119.86,8124.29,month-to-month,No,No,6,0,No
62,39.26,2269.99,two-year,Fiber optic,No,5,1,No
60,35.4,2132.14,month-to-month,DSL,Yes,3,1,No
33,62.28,2068.91,month-to-month,No,No,7,0,No
57,81.97,4371.31,one-year,Fiber optic,No,9,0,No
28,113.29,3243.88,one-year,Fiber optic,No,7,1,Yes
50,118.08,5330.28,month-to-month,Fiber optic,Yes,8,0,No
46,26.96,1346.24,one-year,DSL,No,9,1,No
18,33.8,579.75,month-to-month,Fiber optic,No,4,0,Yes
19,99.07,1708.99,one-year,No,No,0,0,No
4,47.06,173.49,month-to-month,DSL,Yes,3,0,Yes
10,108.48,1028.44,month-to-month,Fiber optic,No,8,1,Yes
31,86.35,2555.81,month-to-month,No,No,8,1,Yes
34,31.18,961.06,month-to-month,Fiber optic,Yes,5,0,Yes
12,103.25,1184.32,month-to-month,No,No,8,0,No
30,37.64,1059.85,month-to-month,Fiber optic,No,0,1,No
44,62.35,2676.8,month-to-month,No,No,7,0,Yes
16,75.22,1175.88,month-to-month,DSL,Yes,7,1,No
24,70.08,1627.76,month-to-month,Fiber optic,No,5,1,Yes
26,88.62,2224.82,month-to-month,Fiber optic,Yes,7,0,Yes
36,85.27,2817.84,one-year,Fiber optic,No,5,0,No
26,119.2,2804.9,two-year,No,No,5,1,Yes
53,119.94,5978.1,month-to-month,Fiber optic,Yes,6,0,No
23,71.65,1732.54,two-year,Fiber optic,Yes,8,1,No
31,29.52,1004.95,month-to-month,Fiber optic,Yes,2,0,Yes
27,92.78,2719.76,month-to-month,Fiber optic,No,3,1,Yes
13,117.67,1531.0,one-year,Fiber optic,No,4,0,Yes
50,51.83,2607.99,one-year,DSL,No,2,1,No
17,66.12,1082.36,two-year,Fiber optic,Yes,3,1,Yes
21,62.48,1383.97,month-to-month,No,Yes,3,0,Yes
57,25.14,1508.86,one-year,Fiber optic,Yes,3,1,No
69,87.23,6433.3,month-to-month,Fiber optic,No,4,1,Yes
48,55.33,2865.92,month-to-month,Fiber optic,No,5,1,No
66,98.75,6431.92,month-to-month,Fiber optic,No,7,0,No
62,103.21,6740.57,two-year,DSL,Yes,3,0,No
35,102.12,3793.23,month-to-month,Fiber optic,No,9,0,Yes
56,61.67,3321.22,two-year,Fiber optic,Yes,5,1,No
23,52.15,1302.42,one-year,DSL,No,7,1,No
33,94.88,2877.01,one-year,DSL,No,1,0,No
39,100.14,4291.53,one-year,Fiber optic,No,1,0,No
70,69.13,5100.5,two-year,Fiber optic,No,4,1,No
61,109.3,6124.94,month-to-month,Fiber optic,Yes,4,1,No
35,34.39,1241.26,month-to-month,DSL,No,5,0,No
47,107.91,4599.26,one-year,Fiber optic,Yes,1,0,No
14,29.61,436.94,month-to-month,Fiber optic,No,5,1,No
58,35.35,2173.0,month-to-month,Fiber optic,Yes,7,1,No
40,73.38,2995.32,month-to-month,Fiber optic,Yes,8,1,No
38,26.75,1089.05,month-to-month,DSL,Yes,2,1,No
55,25.28,1278.58,month-to-month,No,Yes,3,0,No
46,20.05,880.97,month-to-month,DSL,No,5,0,No
5,63.63,312.69,two-year,Fiber optic,No,5,0,Yes
21,97.46,1859.37,month-to-month,DSL,Yes,8,0,Yes
12,23.48,278.84,two-year,Fiber optic,No,4,0,No
53,85.23,4305.07,two-year,DSL,No,7,0,No
2,102.31,200.23,month-to-month,No,Yes,9,0,Yes
14,36.8,507.48,one-year,Fiber optic,No,3,1,No
43,34.69,1604.86,one-year,Fiber optic,No,9,0,No
50,106.08,5060.38,one-year,DSL,No,3,1,No
36,102.31,3973.2,month-to-month,DSL,Yes,3,0,No
62,73.89,4513.35,month-to-month,Fiber optic,No,7,0,Yes
67,101.92,6593.47,month-to-month,Fiber optic,Yes,6,1,No
9,29.28,263.65,one-year,Fiber optic,Yes,6,1,Yes
69,59.45,4034.57,two-year,No,No,2,1,No
44,93.78,3926.09,one-year,Fiber optic,No,1,0,No
46,45.75,2105.63,one-year,No,No,9,0,No
6,95.23,531.59,two-year,DSL,Yes,9,0,No
45,70.42,3075.06,one-year,Fiber optic,Yes,9,1,No
52,95.03,5006.58,month-to-month,Fiber optic,Yes,5,0,Yes
42,66.47,2743.39,two-year,Fiber optic,Yes,9,0,Yes
6,56.79,362.81,month-to-month,No,Yes,5,0,No
38,41.92,1515.45,month-to-month,Fiber optic,No,0,1,No
68,40.84,3038.04,month-to-month,No,No,2,1,No
52,95.15,5229.55,two-year,Fiber optic,No,2,1,No
10,31.89,348.72,month-to-month,DSL,Yes,4,1,Yes
70,28.6,2137.39,month-to-month,Fiber optic,Yes,10,1,No
69,37.63,2410.62,month-to-month,Fiber optic,No,3,1,No
12,37.53,452.74,month-to-month,No,Yes,6,0,Yes
58,102.31,5542.31,month-to-month,No,No,2,1,No
29,59.85,1846.12,one-year,DSL,Yes,7,0,No
43,119.04,5204.88,two-year,DSL,No,6,0,No
32,33.72,1027.99,month-to-month,DSL,No,1,0,Yes
57,85.35,5282.95,month-to-month,Fiber optic,No,5,0,No
72,64.87,4311.17,month-to-month,DSL,No,1,1,No
58,59.29,3482.74,month-to-month,Fiber optic,No,9,1,Yes
67,107.51,7521.61,one-year,Fiber optic,Yes,7,1,No
69,117.56,7395.95,one-year,No,No,10,1,No
6,107.29,656.34,one-year,DSL,No,9,0,No
18,39.23,750.75,month-to-month,Fiber optic,No,2,1,No
52,42.08,1998.9,one-year,DSL,No,7,1,No
43,85.61,3690.24,month-to-month,No,Yes,1,0,No
3,48.91,139.64,month-to-month,DSL,No,10,1,Yes
6,93.47,579.09,two-year,DSL,No,8,1,No
37,76.64,2619.42,one-year,DSL,Yes,7,1,No
44,75.09,3592.76,two-year,No,Yes,10,1,No
12,102.85,1331.63,two-year,DSL,Yes,9,1,Yes
12,91.05,1023.98,one-year,Fiber optic,No,9,1,No
9,22.66,196.73,two-year,Fiber optic,Yes,1,0,No
41,24.95,1040.88,month-to-month,Fiber optic,Yes,0,1,No
0,80.16,0.0,month-to-month,DSL,Yes,10,0,Yes
41,68.62,2781.15,month-to-month,DSL,No,2,0,Yes
34,46.02,1457.12,month-to-month,Fiber optic,Yes,4,1,Yes
34,61.87,1937.04,month-to-month,DSL,Yes,0,0,No
49,95.79,5162.86,month-to-month,Fiber optic,No,6,1,Yes
38,102.66,3866.25,one-year,Fiber optic,Yes,9,0,No
53,76.12,4334.95,one-year,Fiber optic,No,9,0,No
55,58.54,3208.35,one-year,DSL,No,6,0,No
67,47.07,3420.09,month-to-month,Fiber optic,No,7,0,No
58,72.19,3841.81,one-year,DSL,No,5,1,Yes
37,51.47,1757.38,month-to-month,Fiber optic,Yes,4,0,No
35,76.41,2904.15,month-to-month,DSL,Yes,6,1,No
17,87.67,1623.78,month-to-month,No,Yes,10,1,Yes
43,26.61,1101.83,month-to-month,Fiber optic,Yes,2,0,No
10,20.11,195.27,month-to-month,DSL,Yes,5,1,Yes
67,41.23,2736.14,two-year,DSL,No,6,0,No
61,109.45,6564.5,one-year,DSL,Yes,6,0,No
8,84.63,635.07,one-year,DSL,Yes,0,1,Yes
57,37.2,2289.34,month-to-month,DSL,No,3,1,No
8,109.03,829.21,two-year,No,No,7,1,Yes
52,67.0,3627.03,one-year,Fiber optic,Yes,7,0,Yes
6,67.61,370.54,month-to-month,DSL,Yes,8,0,Yes
35,113.55,3607.63,one-year,Fiber optic,Yes,10,1,Yes
48,25.95,1283.9,month-to-month,DSL,Yes,7,1,No
53,41.52,2129.71,month-to-month,No,No,6,1,No
30,78.58,2430.7,month-to-month,DSL,No,3,0,Yes
67,39.55,2434.69,month-to-month,Fiber optic,No,4,1,No
56,87.95,5368.32,month-to-month,Fiber optic,No,9,0,Yes
15,41.41,652.02,month-to-month,DSL,No,5,0,No
48,29.92,1544.24,month-to-month,DSL,No,7,0,No
53,40.7,2000.27,two-year,Fiber optic,Yes,1,0,No
24,62.27,1440.73,month-to-month,No,Yes,1,1,No
53,37.61,1940.84,month-to-month,Fiber optic,No,2,0,No
65,33.47,2191.72,month-to-month,Fiber optic,No,2,1,No
59,106.03,6001.62,two-year,Fiber optic,Yes,6,0,No
55,52.04,2610.69,one-year,No,Yes,7,1,No
46,56.08,2512.03,two-year,Fiber optic,Yes,6,0,No
19,25.53,461.26,month-to-month,Fiber optic,Yes,3,0,No
58,55.74,3159.16,month-to-month,Fiber optic,No,6,0,No
26,46.48,1135.24,one-year,DSL,No,1,1,No
38,81.05,2933.23,month-to-month,No,No,5,0,No
22,40.54,914.53,two-year,DSL,Yes,1,1,No
22,108.84,2340.92,two-year,DSL,Yes,0,1,No
11,112.97,1204.24,month-to-month,No,No,1,0,No
70,29.98,2112.83,two-year,DSL,No,1,1,No
10,30.74,324.11,one-year,DSL,Yes,5,0,No
6,31.53,184.6,month-to-month,DSL,Yes,6,0,No
68,81.96,5670.83,month-to-month,Fiber optic,No,6,0,No
40,32.2,1408.09,month-to-month,No,No,4,1,No
31,105.24,3276.78,two-year,DSL,No,1,1,Yes
53,95.43,5472.32,month-to-month,DSL,No,0,0,No
27,101.98,2915.18,month-to-month,Fiber optic,No,7,0,No
9,72.61,595.82,one-year,No,No,10,1,No
53,119.67,6252.57,month-to-month,DSL,Yes,3,0,Yes
12,24.42,304.66,month-to-month,No,No,2,1,No
40,60.13,2639.33,one-year,No,No,3,1,No
69,52.39,3584.82,month-to-month,DSL,Yes,2,0,No
68,114.86,7174.37,month-to-month,No,No,2,1,Yes
26,77.69,2044.99,month-to-month,Fiber optic,Yes,5,0,No
56,100.62,5213.88,month-to-month,Fiber optic,Yes,8,1,Yes
44,37.03,1711.28,month-to-month,Fiber optic,Yes,7,0,No
34,117.86,4013.39,one-year,No,No,10,1,No
10,69.86,729.82,two-year,Fiber optic,No,3,1,No
27,69.37,2011.35,month-to-month,Fiber optic,No,5,0,Yes
47,117.09,5645.16,two-year,No,No,4,0,No
72,58.07,4275.06,one-year,Fiber optic,No,0,1,No
0,59.75,0.0,one-year,No,No,4,1,Yes
52,78.48,4360.47,one-year,No,No,2,0,No
61,32.81,2149.14,one-year,DSL,Yes,5,0,No
69,52.11,3262.23,two-year,DSL,No,1,0,No
30,39.32,1192.86,month-to-month,Fiber optic,No,8,1,Yes
8,30.33,228.87,month-to-month,No,No,9,1,Yes
19,106.61,2171.57,month-to-month,DSL,Yes,10,0,Yes
62,78.93,5038.9,month-to-month,Fiber optic,No,0,0,No
64,55.87,3518.63,one-year,DSL,No,1,0,No
46,60.87,2625.36,month-to-month,Fiber optic,Yes,10,0,Yes
8,63.15,488.93,month-to-month,Fiber optic,No,9,1,Yes
8,83.31,693.64,month-to-month,DSL,Yes,6,1,Yes
34,112.68,3604.59,month-to-month,No,Yes,3,1,No
42,113.28,4371.03,one-year,DSL,Yes,5,0,No
2,59.15,127.48,one-year,No,No,5,0,No
50,52.93,2786.35,month-to-month,DSL,No,9,0,Yes
39,65.1,2386.46,month-to-month,No,Yes,5,0,No
0,76.79,0.0,month-to-month,Fiber optic,No,0,1,Yes
6,66.18,434.57,month-to-month,DSL,Yes,7,0,Yes
33,85.88,2952.04,one-year,DSL,No,8,1,Yes
52,75.44,4009.59,one-year,DSL,No,3,0,No
60,52.07,3004.0,month-to-month,Fiber optic,No,1,1,Yes
31,54.57,1623.71,month-to-month,No,No,1,0,No
21,57.86,1103.16,two-year,Fiber optic,No,9,0,No
70,29.46,2156.44,one-year,Fiber optic,No,4,0,No
33,36.61,1097.75,month-to-month,Fiber optic,Yes,5,1,Yes
23,92.31,1912.88,month-to-month,Fiber optic,Yes,10,1,No
32,58.91,1971.65,month-to-month,Fiber optic,Yes,0,1,No
0,41.45,0.0,two-year,Fiber optic,No,2,1,Yes
22,76.27,1764.02,month-to-month,Fiber optic,No,9,0,Yes
37,95.55,3515.3,month-to-month,No,No,5,0,No
67,45.74,3056.03,two-year,Fiber optic,Yes,0,0,No
53,102.68,5372.53,one-year,DSL,Yes,7,0,No
57,112.75,6201.36,month-to-month,DSL,No,1,0,No
39,79.74,3123.37,month-to-month,Fiber optic,No,8,0,Yes
8,86.89,685.55,month-to-month,DSL,Yes,8,1,No
28,25.26,721.17,one-year,No,Yes,9,0,Yes
72,114.55,8904.31,month-to-month,Fiber optic,Yes,5,0,No
3,59.25,195.35,two-year,Fiber optic,No,2,0,Yes
64,112.39,6586.94,two-year,Fiber optic,Yes,9,1,No
49,77.9,3729.07,month-to-month,DSL,Yes,6,1,No
20,20.46,383.07,one-year,No,No,6,1,No
56,23.85,1296.1,month-to-month,DSL,Yes,1,0,No
61,88.04,5142.17,month-to-month,Fiber optic,Yes,6,0,No
3,76.27,213.92,one-year,No,Yes,6,0,No
7,22.65,166.92,month-to-month,Fiber optic,No,3,1,No
48,94.35,4525.44,month-to-month,No,No,8,0,No
72,105.21,8210.29,month-to-month,Fiber optic,Yes,1,0,No
1,69.64,63.13,month-to-month,No,Yes,7,0,Yes
48,66.58,2919.07,month-to-month,Fiber optic,No,10,0,Yes
9,20.55,181.37,one-year,Fiber optic,No,6,0,Yes
47,98.66,4247.77,two-year,DSL,Yes,1,1,No
45,53.07,2274.82,one-year,DSL,Yes,6,1,No
6,107.88,710.2,two-year,Fiber optic,Yes,5,0,Yes
49,57.31,2644.73,month-to-month,DSL,No,6,0,No
65,76.51,4672.89,two-year,Fiber optic,No,2,1,No
63,47.03,3006.53,month-to-month,No,No,6,1,No
2,36.06,72.09,month-to-month,No,Yes,2,1,Yes
17,97.49,1683.99,two-year,DSL,No,6,1,Yes
17,69.66,1155.03,month-to-month,No,No,6,0,No
33,73.65,2589.29,month-to-month,DSL,Yes,7,0,No
10,116.54,1081.16,month-to-month,Fiber optic,Yes,8,0,Yes
62,116.36,7111.0,month-to-month,No,Yes,9,0,No
56,105.56,6135.71,month-to-month,DSL,No,8,0,No
59,38.76,2455.26,month-to-month,DSL,No,8,0,No
14,79.43,1083.01,two-year,DSL,No,9,1,Yes
1,107.81,109.27,month-to-month,Fiber optic,No,2,1,Yes
66,57.45,3464.96,month-to-month,No,Yes,3,1,No
21,30.11,590.62,month-to-month,DSL,Yes,5,0,No
47,101.1,4342.23,two-year,DSL,Yes,5,0,No
66,68.18,4704.97,month-to-month,Fiber optic,No,7,1,No
2,76.44,146.4,month-to-month,DSL,No,0,1,Yes
0,118.21,0.0,month-to-month,Fiber optic,Yes,1,1,Yes
0,80.72,0.0,one-year,No,Yes,8,1,Yes
11,62.5,737.35,one-year,Fiber optic,No,9,0,Yes
3,57.0,182.48,one-year,No,No,3,1,No
59,61.76,3344.26,one-year,Fiber optic,No,3,0,No
44,31.84,1267.52,month-to-month,No,Yes,6,0,No
71,99.48,6436.29,month-to-month,DSL,No,5,1,Yes
58,103.77,6444.34,month-to-month,DSL,No,1,0,No
70,48.44,3210.89,month-to-month,Fiber optic,No,5,0,No
17,50.38,864.73,month-to-month,DSL,No,9,0,Yes
21,107.43,2222.75,month-to-month,No,No,8,0,Yes
62,22.4,1470.89,month-to-month,Fiber optic,No,8,0,No
17,72.05,1222.13,one-year,No,No,7,0,No
4,66.37,265.52,month-to-month,DSL,No,9,0,Yes
48,89.01,4690.41,one-year,Fiber optic,Yes,2,1,No
58,36.34,1960.23,one-year,Fiber optic,No,0,0,No
70,86.83,6480.11,month-to-month,DSL,No,1,1,No
67,57.67,3517.49,month-to-month,Fiber optic,Yes,10,0,No
8,81.87,652.03,one-year,Fiber optic,Yes,7,1,No
56,24.01,1448.45,one-year,No,No,2,0,No
61,66.17,4169.74,month-to-month,Fiber optic,No,9,0,Yes
50,72.23,3745.28,month-to-month,DSL,No,3,0,Yes
59,41.43,2328.66,one-year,Fiber optic,No,6,1,No
61,33.96,2037.82,one-year,Fiber optic,No,2,1,No
32,38.85,1210.03,month-to-month,DSL,No,1,1,No
2,54.41,109.29,month-to-month,Fiber optic,Yes,2,1,No
33,29.68,972.04,two-year,DSL,Yes,2,1,No
14,114.73,1550.61,month-to-month,DSL,No,6,0,No
8,60.5,465.17,two-year,Fiber optic,Yes,0,0,No
9,100.9,862.85,month-to-month,DSL,No,2,1,No
50,117.44,5713.51,month-to-month,Fiber optic,No,6,1,Yes
36,28.07,939.77,month-to-month,DSL,No,4,0,Yes
39,85.17,3568.83,month-to-month,Fiber optic,Yes,6,1,Yes
54,107.14,5903.72,two-year,DSL,No,7,1,No
40,83.42,3092.4,month-to-month,No,Yes,10,0,No
45,62.9,2940.24,two-year,DSL,No,9,1,No
6,63.11,404.99,month-to-month,Fiber optic,Yes,2,1,Yes
62,23.59,1385.8,two-year,DSL,No,7,0,No
32,73.46,2186.45,two-year,DSL,No,6,1,No
11,119.35,1183.83,one-year,Fiber optic,Yes,6,1,Yes
59,115.87,6217.3,month-to-month,No,Yes,8,1,Yes
53,24.04,1340.95,one-year,No,No,1,1,No
3,90.58,298.22,month-to-month,DSL,Yes,4,1,Yes
14,50.18,638.57,two-year,DSL,Yes,8,1,Yes
1,110.3,115.77,month-to-month,Fiber optic,No,9,1,Yes
19,24.51,425.81,month-to-month,Fiber optic,No,0,0,Yes
7,113.59,809.78,month-to-month,DSL,No,5,0,Yes
51,103.75,5562.24,one-year,Fiber optic,Yes,2,0,Yes
38,31.75,1172.53,two-year,Fiber optic,No,1,0,No
71,25.98,1664.16,month-to-month,Fiber optic,No,0,1,No
54,103.47,5693.75,one-year,Fiber optic,No,5,1,No
44,35.58,1719.33,two-year,Fiber optic,No,7,0,No
37,73.49,2587.32,month-to-month,DSL,Yes,5,0,No
3,111.57,313.92,month-to-month,Fiber optic,Yes,4,1,Yes
5,76.74,354.84,one-year,DSL,No,8,0,No
44,59.72,2656.72,one-year,Fiber optic,Yes,7,1,No
0,64.5,0.0,month-to-month,Fiber optic,No,9,0,Yes
3,26.31,83.54,two-year,Fiber optic,Yes,3,0,No
15,116.88,1841.94,month-to-month,DSL,Yes,2,0,Yes
64,51.07,3525.08,two-year,DSL,Yes,5,0,No
33,38.94,1363.6,two-year,Fiber optic,No,5,1,No
51,48.6,2353.32,two-year,Fiber optic,No,5,0,Yes
30,116.44,3532.24,month-to-month,No,Yes,9,0,No
12,29.43,338.85,month-to-month,Fiber optic,Yes,0,0,No
27,106.73,2783.61,month-to-month,No,Yes,5,0,No
6,90.78,591.73,month-to-month,DSL,No,4,1,Yes
56,103.0,5977.84,one-year,Fiber optic,Yes,2,1,No
13,117.59,1673.77,month-to-month,DSL,No,7,1,Yes
27,104.22,2767.18,month-to-month,Fiber optic,Yes,8,1,Yes
71,114.34,8178.92,month-to-month,DSL,Yes,6,0,No
43,32.69,1402.05,month-to-month,DSL,No,0,0,No
33,99.58,3028.04,month-to-month,Fiber optic,No,0,1,No
39,74.57,2755.08,one-year,Fiber optic,Yes,4,1,No
57,74.35,4261.37,one-year,DSL,No,7,1,No
18,109.89,1806.87,month-to-month,DSL,Yes,3,0,No
46,117.18,5855.42,two-year,Fiber optic,Yes,3,1,Yes
63,90.48,5271.4,two-year,DSL,Yes,9,1,No
41,68.29,2630.77,month-to-month,DSL,No,0,0,No
32,65.64,2211.94,one-year,Fiber optic,No,0,0,No
10,58.63,539.04,month-to-month,DSL,Yes,1,1,No
18,56.16,1091.81,month-to-month,Fiber optic,No,10,0,Yes
69,59.15,4265.58,month-to-month,Fiber optic,No,5,1,Yes
39,28.98,1032.71,month-to-month,DSL,No,1,1,No
21,27.74,604.89,two-year,DSL,No,3,0,No
30,97.99,3017.09,two-year,DSL,No,10,0,No
42,64.61,2853.29,two-year,DSL,No,7,1,No
39,113.07,4699.18,one-year,DSL,Yes,2,0,No
51,81.22,4323.11,one-year,No,No,2,1,No
18,23.52,430.66,two-year,No,No,0,0,No
47,35.75,1620.59,month-to-month,Fiber optic,No,8,0,Yes
32,40.58,1349.79,month-to-month,Fiber optic,No,1,1,Yes
68,117.57,8725.44,one-year,Fiber optic,Yes,3,1,No
11,41.87,468.63,month-to-month,No,No,3,1,Yes
10,71.58,739.33,month-to-month,DSL,Yes,6,1,Yes
33,113.62,3702.31,month-to-month,DSL,No,6,1,Yes
37,117.72,4578.75,one-year,DSL,Yes,8,1,No
50,43.64,2399.18,month-to-month,DSL,Yes,3,1,No
29,24.91,673.32,month-to-month,DSL,No,4,0,No
66,35.36,2194.86,month-to-month,No,No,4,0,No
34,26.33,902.28,month-to-month,No,No,0,1,Yes
9,39.51,354.27,two-year,DSL,No,8,1,Yes
8,76.86,623.68,month-to-month,Fiber optic,Yes,5,1,Yes
71,111.24,7185.75,one-year,Fiber optic,No,5,1,No
9,73.72,650.78,one-year,Fiber optic,Yes,10,1,Yes
69,82.6,5793.99,month-to-month,Fiber optic,No,1,1,No
20,40.19,817.5,two-year,DSL,No,10,0,No
6,100.06,619.25,one-year,No,Yes,7,0,Yes
22,81.78,1878.4,one-year,No,No,2,0,No
44,106.41,4814.59,month-to-month,Fiber optic,No,7,1,Yes
31,114.88,3768.01,month-to-month,Fiber optic,Yes,8,1,Yes
57,54.79,3200.96,two-year,Fiber optic,No,3,0,No
44,29.06,1288.23,one-year,DSL,No,3,0,No
29,42.59,1261.34,two-year,DSL,Yes,9,0,No
46,63.78,2699.87,two-year,Fiber optic,No,1,0,No
70,114.57,7656.05,month-to-month,DSL,Yes,0,0,No
30,57.83,1744.41,one-year,No,Yes,7,0,No
11,97.08,1147.54,month-to-month,Fiber optic,No,9,1,Yes
29,74.05,2224.35,one-year,Fiber optic,Yes,5,1,No
61,38.28,2143.79,month-to-month,DSL,Yes,1,0,No
15,52.07,795.46,month-to-month,No,No,5,0,No
69,85.32,5559.45,one-year,DSL,Yes,2,1,No
42,87.29,3837.77,one-year,DSL,No,9,1,Yes
43,63.48,2908.4,one-year,DSL,No,6,1,No
23,42.86,1004.21,month-to-month,Fiber optic,Yes,3,1,Yes
67,92.19,6289.59,month-to-month,No,No,6,0,No
2,36.89,71.4,two-year,DSL,Yes,7,1,No
21,113.67,2361.41,month-to-month,No,No,7,1,Yes
30,38.79,1248.44,month-to-month,DSL,Yes,4,1,No
34,30.73,1091.49,one-year,Fiber optic,No,6,1,No
34,69.76,2381.21,month-to-month,DSL,Yes,0,0,No
10,71.95,700.54,one-year,Fiber optic,No,4,0,Yes
16,70.82,1031.23,month-to-month,Fiber optic,Yes,4,1,Yes
6,63.67,354.74,two-year,Fiber optic,Yes,5,0,No
41,119.48,4597.93,two-year,DSL,No,10,0,Yes
25,68.63,1672.3,two-year,No,No,10,0,No
41,67.79,3026.28,one-year,No,No,5,1,No
43,62.18,2676.5,month-to-month,Fiber optic,Yes,7,0,No
51,26.68,1288.52,one-year,Fiber optic,Yes,1,0,No
39,79.3,2848.84,two-year,Fiber optic,Yes,5,1,No
47,42.8,1946.55,one-year,DSL,Yes,7,1,No
42,83.76,3740.06,one-year,No,No,7,0,No
47,25.08,1151.26,one-year,DSL,No,10,1,No
45,118.14,5606.04,one-year,Fiber optic,No,5,1,Yes
23,66.9,1631.85,one-year,DSL,Yes,9,0,Yes
17,109.68,1719.43,month-to-month,DSL,No,10,0,Yes
57,67.56,3934.61,month-to-month,Fiber optic,No,6,1,Yes
25,26.03,710.5,one-year,Fiber optic,Yes,1,0,No
40,102.22,4008.77,month-to-month,No,No,4,0,No
14,84.82,1080.83,two-year,No,Yes,8,1,No
31,98.18,3301.25,one-year,DSL,Yes,6,0,Yes
38,62.82,2570.33,month-to-month,DSL,No,10,0,No
45,83.79,3787.25,two-year,Fiber optic,Yes,8,0,No
38,105.62,4055.5,one-year,Fiber optic,No,0,0,No
26,83.11,2036.28,one-year,Fiber optic,Yes,9,0,No
70,54.77,4078.85,month-to-month,No,Yes,3,0,No
37,86.25,3190.36,two-year,Fiber optic,Yes,9,1,Yes
